"Data","Último","Abertura","Máxima","Mínima","Vol.","Var%"
"01.12.2020","89,94","91,94","91,94","89,52","","-2,10%"
"01.11.2020","91,87","93,89","94,30","91,51","","-2,31%"
"01.10.2020","94,04","93,80","94,10","92,47","","0,16%"
"01.09.2020","93,89","92,18","94,74","91,75","","1,89%"
"01.08.2020","92,14","93,46","93,99","91,99","","-1,29%"
"01.07.2020","93,35","97,39","97,62","92,55","","-4,15%"
"01.06.2020","97,39","98,30","98,32","95,72","","-0,97%"
"01.05.2020","98,34","99,13","100,56","97,94","","-0,68%"
"01.04.2020","99,02","99,01","100,93","98,81","","-0,03%"
"01.03.2020","99,05","98,12","102,99","94,65","","0,93%"
"01.02.2020","98,13","97,37","99,91","97,37","","0,76%"
"01.01.2020","97,39","96,50","98,19","96,39","","1,04%"
"01.12.2019","96,39","98,27","98,38","96,36","","-1,92%"
"01.11.2019","98,27","97,30","98,54","97,11","","0,95%"
"01.10.2019","97,35","99,40","99,67","97,14","","-2,04%"
"01.09.2019","99,38","98,83","99,46","97,86","","0,47%"
"01.08.2019","98,92","98,59","99,02","97,03","","0,41%"
"01.07.2019","98,52","96,25","98,68","96,25","","2,48%"
"01.06.2019","96,13","97,64","97,80","95,84","","-1,66%"
"01.05.2019","97,75","97,53","98,37","97,03","","0,28%"
"01.04.2019","97,48","97,18","98,33","96,75","","0,20%"
"01.03.2019","97,28","96,22","97,71","95,74","","1,17%"
"01.02.2019","96,16","95,55","97,37","95,40","","0,61%"
"01.01.2019","95,58","96,15","96,96","95,03","","-0,62%"
"01.12.2018","96,17","97,13","97,71","96,00","","-1,13%"
"01.11.2018","97,27","97,08","97,69","95,68","","0,15%"
"01.10.2018","97,13","95,11","97,20","94,79","","2,10%"
"01.09.2018","95,13","95,19","95,74","93,81","","-0,01%"
"01.08.2018","95,14","94,56","96,98","94,43","","0,68%"
"01.07.2018","94,49","94,63","95,65","93,71","","-0,15%"
"01.06.2018","94,64","93,95","95,53","93,19","","0,69%"
"01.05.2018","93,99","91,81","95,03","91,80","","2,33%"
"01.04.2018","91,84","89,97","91,99","89,23","","2,08%"
"01.03.2018","89,97","90,67","90,93","88,94","","-0,71%"
"01.02.2018","90,61","89,04","90,70","88,25","","1,66%"
"01.01.2018","89,13","92,24","92,64","88,44","","-3,25%"
"01.12.2017","92,12","93,03","94,22","92,08","","-0,99%"
"01.11.2017","93,05","94,55","95,15","92,50","","-1,59%"
"01.10.2017","94,55","93,22","95,15","92,75","","1,59%"
"01.09.2017","93,08","92,61","93,67","91,01","","0,44%"
"01.08.2017","92,67","92,89","94,14","91,62","","-0,21%"
"01.07.2017","92,86","95,65","96,51","92,78","","-2,89%"
"01.06.2017","95,63","96,99","97,87","95,47","","-1,34%"
"01.05.2017","96,92","98,93","99,89","96,80","","-2,15%"
"01.04.2017","99,05","100,50","101,34","98,69","","-1,30%"
"01.03.2017","100,35","101,43","102,26","98,86","","-0,76%"
"01.02.2017","101,12","99,56","101,76","99,23","","1,62%"
"01.01.2017","99,51","102,38","103,82","99,43","","-2,64%"
"01.12.2016","102,21","101,52","103,65","99,43","","0,70%"
"01.11.2016","101,50","98,39","102,05","95,89","","3,10%"
"01.10.2016","98,44","95,54","99,12","95,46","","3,12%"
"01.09.2016","95,46","95,98","96,33","94,46","","-0,58%"
"01.08.2016","96,02","95,59","96,52","94,08","","0,51%"
"01.07.2016","95,53","95,89","97,57","95,34","","-0,64%"
"01.06.2016","96,14","95,81","96,71","93,02","","0,26%"
"01.05.2016","95,89","93,02","95,97","91,92","","3,02%"
"01.04.2016","93,08","94,64","95,20","93,01","","-1,59%"
"01.03.2016","94,59","98,18","98,58","94,32","","-3,69%"
"01.02.2016","98,21","99,55","99,63","95,24","","-1,40%"
"01.01.2016","99,61","98,59","99,83","98,05","","0,99%"
"01.12.2015","98,63","100,23","100,51","97,19","","-1,54%"
"01.11.2015","100,17","96,69","100,31","96,64","","3,33%"
"01.10.2015","96,95","96,27","97,82","93,81","","0,62%"
"01.09.2015","96,35","95,93","96,70","94,06","","0,55%"
"01.08.2015","95,82","97,22","98,33","92,62","","-1,55%"
"01.07.2015","97,34","95,58","98,15","95,45","","1,94%"
"01.06.2015","95,49","96,90","97,68","93,56","","-1,47%"
"01.05.2015","96,91","94,82","97,78","93,13","","2,44%"
"01.04.2015","94,60","98,42","99,99","94,40","","-3,82%"
"01.03.2015","98,36","95,38","100,39","95,06","","3,19%"
"01.02.2015","95,32","94,58","95,85","93,25","","0,55%"
"01.01.2015","94,80","90,36","95,48","90,33","","5,02%"
"01.12.2014","90,27","88,16","90,32","87,63","","2,17%"
"01.11.2014","88,36","87,08","88,44","86,88","","1,66%"
"01.10.2014","86,92","85,92","87,13","84,47","","1,14%"
"01.09.2014","85,94","82,77","86,22","82,67","","3,85%"
"01.08.2014","82,75","81,44","82,75","81,19","","1,59%"
"01.07.2014","81,46","79,79","81,57","79,74","","2,11%"
"01.06.2014","79,78","80,36","81,02","79,76","","-0,74%"
"01.05.2014","80,37","79,51","80,58","78,91","","1,13%"
"01.04.2014","79,47","80,10","80,60","79,33","","-0,78%"
"01.03.2014","80,10","79,90","80,35","79,27","","0,51%"
"01.02.2014","79,69","81,28","81,32","79,69","","-1,99%"
"01.01.2014","81,31","80,21","81,39","80,08","","1,59%"
"01.12.2013","80,04","80,66","80,99","79,69","","-0,80%"
"01.11.2013","80,68","80,23","81,48","80,25","","0,60%"
"01.10.2013","80,19","80,27","80,75","79,00","","-0,03%"
"01.09.2013","80,22","82,05","82,67","80,03","","-2,27%"
"01.08.2013","82,09","81,66","82,49","80,75","","0,78%"
"01.07.2013","81,45","83,18","84,75","81,41","","-2,03%"
"01.06.2013","83,14","83,32","83,38","80,50","","-0,15%"
"01.05.2013","83,26","81,71","84,50","81,33","","1,85%"
"01.04.2013","81,75","83,05","83,49","81,60","","-1,77%"
"01.03.2013","83,22","81,92","83,30","81,78","","1,55%"
"01.02.2013","81,95","79,13","82,00","78,92","","3,46%"
"01.01.2013","79,21","79,69","80,87","79,13","","-0,70%"
"01.12.2012","79,77","80,24","80,66","79,01","","-0,48%"
"01.11.2012","80,15","79,95","81,46","79,86","","0,29%"
"01.10.2012","79,92","79,95","80,32","78,93","","-0,02%"
"01.09.2012","79,93","81,29","81,67","78,60","","-1,57%"
"01.08.2012","81,21","82,70","83,51","80,96","","-1,72%"
"01.07.2012","82,64","81,56","84,10","81,53","","1,23%"
"01.06.2012","81,63","83,07","83,54","81,19","","-1,71%"
"01.05.2012","83,04","78,78","83,21","78,60","","5,41%"
"01.04.2012","78,78","78,89","80,18","78,64","","-0,28%"
"01.03.2012","79,00","78,77","80,74","78,63","","0,33%"
"01.02.2012","78,74","79,32","80,12","78,09","","-0,69%"
"01.01.2012","79,29","80,28","81,78","78,74","","-1,11%"
"01.12.2011","80,18","78,33","80,85","77,97","","2,30%"
"01.11.2011","78,38","76,56","79,70","76,46","","2,90%"
"01.10.2011","76,17","79,02","79,84","74,72","","-3,03%"
"01.09.2011","78,55","74,17","78,86","74,15","","5,98%"
"01.08.2011","74,12","73,81","75,42","73,45","","0,30%"
"01.07.2011","73,90","74,45","76,72","73,42","","-0,54%"
"01.06.2011","74,30","74,43","76,02","73,51","","-0,46%"
"01.05.2011","74,64","72,99","76,37","72,70","","2,34%"
"01.04.2011","72,93","76,05","76,61","72,83","","-3,86%"
"01.03.2011","75,86","76,86","77,38","75,34","","-1,34%"
"01.02.2011","76,89","77,61","78,87","76,76","","-1,08%"
"01.01.2011","77,73","79,14","81,31","77,54","","-1,64%"
"01.12.2010","79,03","81,26","81,36","78,78","","-2,66%"
"01.11.2010","81,19","76,97","81,44","75,63","","5,07%"
"01.10.2010","77,27","78,80","78,83","76,14","","-1,84%"
"01.09.2010","78,72","83,09","83,22","78,41","","-5,38%"
"01.08.2010","83,20","81,50","83,56","80,08","","2,04%"
"01.07.2010","81,54","86,10","86,26","81,46","","-5,21%"
"01.06.2010","86,02","86,58","88,71","85,09","","-0,66%"
"01.05.2010","86,59","81,84","87,46","81,83","","5,77%"
"01.04.2010","81,87","81,04","82,71","80,03","","0,99%"
"01.03.2010","81,07","80,42","82,24","79,51","","0,88%"
"01.02.2010","80,36","79,46","81,34","78,68","","1,13%"
"01.01.2010","79,46","77,92","79,50","76,60","","2,05%"
"01.12.2009","77,86","74,71","78,45","74,27","","4,12%"
"01.11.2009","74,78","76,37","76,82","74,17","","-1,99%"
"01.10.2009","76,30","76,65","77,47","74,94","","-0,46%"
"01.09.2009","76,65","78,11","78,94","75,83","","-1,94%"
"01.08.2009","78,17","78,25","79,51","77,43","","-0,23%"
"01.07.2009","78,35","80,12","80,89","78,22","","-2,26%"
"01.06.2009","80,16","79,35","81,47","78,33","","1,17%"
"01.05.2009","79,23","84,72","84,87","79,18","","-6,59%"
"01.04.2009","84,82","85,53","86,87","83,73","","-0,81%"
"01.03.2009","85,51","88,58","89,62","82,63","","-3,02%"
"01.02.2009","88,17","86,08","88,49","84,47","","2,73%"
"01.01.2009","85,83","81,18","86,81","80,85","","5,77%"
"01.12.2008","81,15","86,42","87,70","77,69","","-6,21%"
"01.11.2008","86,52","85,81","88,46","83,90","","1,04%"
"01.10.2008","85,63","79,20","87,88","78,95","","7,78%"
"01.09.2008","79,45","77,75","80,38","75,89","","2,68%"
"01.08.2008","77,38","73,22","77,62","73,20","","5,67%"
"01.07.2008","73,23","72,46","73,54","71,31","","1,06%"
"01.06.2008","72,46","72,87","74,31","72,04","","-0,58%"
"01.05.2008","72,88","72,57","73,89","71,82","","0,51%"
"01.04.2008","72,51","71,87","73,11","71,19","","0,99%"
"01.03.2008","71,80","73,75","73,95","70,70","","-2,59%"
"01.02.2008","73,71","75,23","77,04","73,56","","-1,96%"
"01.01.2008","75,18","76,35","77,35","74,97","","-1,97%"
"01.12.2007","76,69","75,93","77,85","75,59","","0,71%"
"01.11.2007","76,15","76,61","76,87","74,48","","-0,43%"
"01.10.2007","76,48","77,79","78,89","76,47","","-1,60%"
"01.09.2007","77,72","80,81","81,14","77,67","","-3,80%"
"01.08.2007","80,79","80,90","82,13","79,96","","0,02%"
"01.07.2007","80,77","81,87","81,95","80,02","","-1,40%"
"01.06.2007","81,92","82,31","83,27","81,70","","-0,46%"
"01.05.2007","82,30","81,42","82,60","81,25","","1,04%"
"01.04.2007","81,45","82,91","83,21","81,27","","-1,78%"
"01.03.2007","82,93","83,62","84,38","82,64","","-0,77%"
"01.02.2007","83,57","84,65","85,21","83,40","","-1,23%"
"01.01.2007","84,61","83,46","85,43","83,15","","1,06%"
"01.12.2006","83,72","82,91","84,22","82,24","","0,96%"
"01.11.2006","82,92","85,29","85,93","82,79","","-2,81%"
"01.10.2006","85,32","86,01","87,30","85,21","","-0,76%"
"01.09.2006","85,97","85,09","86,22","84,73","","1,08%"
"01.08.2006","85,05","85,28","85,75","84,39","","-0,29%"
"01.07.2006","85,30","85,20","87,33","84,77","","0,09%"
"01.06.2006","85,22","84,68","87,05","83,72","","0,59%"
"01.05.2006","84,72","85,93","86,36","83,60","","-1,61%"
"01.04.2006","86,11","89,74","90,40","86,00","","-4,03%"
"01.03.2006","89,73","90,08","91,16","88,85","","-0,42%"
"01.02.2006","90,11","88,96","91,02","88,84","","1,29%"
"01.01.2006","88,96","90,75","90,94","87,83","","-2,42%"
"01.12.2005","91,17","91,54","92,32","89,52","","-0,44%"
"01.11.2005","91,57","90,12","92,63","89,62","","1,67%"
"01.10.2005","90,07","89,51","90,74","88,53","","0,61%"
"01.09.2005","89,52","87,59","89,82","86,02","","2,22%"
"01.08.2005","87,58","89,41","89,44","86,76","","-1,98%"
"01.07.2005","89,35","89,17","90,77","88,28","","0,27%"
"01.06.2005","89,11","87,74","89,48","87,15","","1,54%"
"01.05.2005","87,76","84,46","87,80","83,75","","3,94%"
"01.04.2005","84,43","84,07","85,32","83,36","","0,44%"
"01.03.2005","84,06","82,65","84,74","81,28","","1,88%"
"01.02.2005","82,51","83,49","85,44","82,30","","-1,30%"
"01.01.2005","83,60","81,05","84,08","80,77","","3,40%"
"01.12.2004","80,85","81,81","83,18","80,39","","-1,19%"
"01.11.2004","81,82","84,70","85,66","81,53","","-3,64%"
"01.10.2004","84,91","87,41","88,64","84,73","","-2,80%"
"01.09.2004","87,36","88,91","89,75","87,35","","-1,78%"
"01.08.2004","88,94","89,71","90,19","87,66","","-1,13%"
"01.07.2004","89,96","88,84","90,29","87,00","","1,31%"
"01.06.2004","88,80","88,64","90,42","88,04","","-0,17%"
"01.05.2004","88,95","90,63","92,29","88,47","","-1,69%"
"01.04.2004","90,48","87,57","91,56","87,02","","3,28%"
"01.03.2004","87,61","87,10","89,84","87,03","","0,34%"
"01.02.2004","87,31","87,14","88,02","84,56","","0,13%"
"01.01.2004","87,20","86,79","88,07","84,80","","0,32%"
"01.12.2003","86,92","90,16","90,54","86,36","","-3,65%"
"01.11.2003","90,21","92,64","94,13","90,04","","-2,72%"
"01.10.2003","92,73","92,73","93,42","91,01","","-0,13%"
"01.09.2003","92,85","97,88","99,37","92,10","","-5,35%"
"01.08.2003","98,10","96,87","99,49","95,56","","1,25%"
"01.07.2003","96,89","94,54","97,45","93,96","","2,28%"
"01.06.2003","94,73","93,73","95,34","91,88","","1,57%"
"01.05.2003","93,27","97,18","97,25","92,21","","-4,03%"
"01.04.2003","97,19","98,86","101,81","97,10","","-1,89%"
"01.03.2003","99,06","99,74","102,15","97,57","","-0,65%"
"01.02.2003","99,71","100,26","100,89","98,65","","-0,20%"
"01.01.2003","99,91","102,36","103,20","98,76","","-1,90%"
"01.12.2002","101,85","106,57","107,31","101,82","","-4,29%"
"01.11.2002","106,41","106,55","106,97","104,12","","-0,22%"
"01.10.2002","106,64","106,74","108,74","106,54","","-0,22%"
"01.09.2002","106,87","106,43","109,67","105,41","","-0,10%"
"01.08.2002","106,98","107,61","109,00","106,18","","-0,40%"
"01.07.2002","107,41","105,76","107,88","103,54","","1,23%"
"01.06.2002","106,11","111,93","112,04","105,37","","-5,10%"
"01.05.2002","111,81","115,18","115,34","110,88","","-2,93%"
"01.04.2002","115,19","118,56","118,70","114,72","","-2,89%"
"01.03.2002","118,62","119,29","119,61","116,76","","-0,45%"
"01.02.2002","119,16","120,21","120,40","118,09","","-0,90%"
"01.01.2002","120,24","116,40","120,51","115,54","","2,99%"
"01.12.2001","116,75","115,61","118,26","114,43","","0,53%"
"01.11.2001","116,13","114,71","117,43","113,66","","1,11%"
"01.10.2001","114,86","113,69","116,27","112,27","","1,22%"
"01.09.2001","113,48","113,48","116,08","111,31","","0,05%"
"01.08.2001","113,42","117,07","117,16","112,32","","-3,21%"
"01.07.2001","117,18","119,39","121,02","116,34","","-1,88%"
"01.06.2001","119,43","119,11","120,33","117,43","","0,30%"
"01.05.2001","119,07","115,71","119,29","114,27","","2,78%"
"01.04.2001","115,85","117,70","117,82","113,86","","-1,30%"
"01.03.2001","117,37","112,04","117,63","110,82","","4,79%"
"01.02.2001","112,01","110,30","113,62","109,40","","1,35%"
"01.01.2001","110,52","109,33","112,65","108,09","","0,88%"
"01.12.2000","109,56","115,21","115,44","109,46","","-4,93%"
"01.11.2000","115,24","116,60","118,69","112,75","","-1,21%"
"01.10.2000","116,65","113,14","119,07","112,95","","3,00%"
"01.09.2000","113,25","112,36","116,75","111,25","","0,58%"
"01.08.2000","112,60","109,50","112,93","109,35","","2,77%"
"01.07.2000","109,57","106,82","109,92","106,70","","2,56%"
"01.06.2000","106,84","108,65","109,42","105,56","","-1,75%"
"01.05.2000","108,74","109,90","112,86","108,18","","-1,27%"
"01.04.2000","110,14","105,61","110,32","104,23","","4,46%"
"01.03.2000","105,44","106,22","106,61","104,48","","-0,45%"
"01.02.2000","105,92","104,98","106,86","102,92","","0,75%"
"01.01.2000","105,13","101,67","105,28","99,71","","3,20%"
"01.12.1999","101,87","101,98","102,76","100,49","","-0,12%"
"01.11.1999","101,99","98,98","102,34","98,72","","2,96%"
"01.10.1999","99,06","98,52","99,92","96,94","","0,53%"
"01.09.1999","98,54","100,04","101,27","98,26","","-1,41%"
"01.08.1999","99,95","99,97","101,46","98,88","","0,20%"
"01.07.1999","99,75","102,71","104,88","99,62","","-3,01%"
"01.06.1999","102,85","102,34","103,48","100,87","","0,33%"
"01.05.1999","102,51","100,96","102,64","99,35","","1,50%"
"01.04.1999","101,00","100,02","101,36","99,43","","0,90%"
"01.03.1999","100,10","98,89","100,79","98,16","","1,44%"
"01.02.1999","98,68","95,90","99,48","95,38","","2,71%"
"01.01.1999","96,08","94,75","96,24","93,05","","2,03%"
"01.12.1998","94,17","96,12","96,14","93,19","","-2,11%"
"01.11.1998","96,20","93,53","96,94","93,29","","2,64%"
"01.10.1998","93,73","96,12","96,31","90,57","","-2,54%"
"01.09.1998","96,17","99,72","100,13","95,41","","-4,02%"
"01.08.1998","100,20","101,12","102,88","99,70","","-0,99%"
"01.07.1998","101,20","101,02","102,67","100,19","","0,03%"
"01.06.1998","101,17","100,34","102,45","99,43","","0,72%"
"01.05.1998","100,45","99,74","100,66","98,57","","0,74%"
"01.04.1998","99,71","101,53","102,11","98,96","","-1,76%"
"01.03.1998","101,50","99,72","101,69","99,09","","1,68%"
"01.02.1998","99,82","100,78","101,04","98,51","","-0,96%"
"01.01.1998","100,79","99,24","101,68","97,67","","1,14%"
"01.12.1997","99,65","97,69","99,73","97,66","","1,90%"
"01.11.1997","97,79","95,57","97,99","94,73","","2,25%"
"01.10.1997","95,64","97,19","98,22","94,83","","-1,51%"
"01.09.1997","97,11","98,22","100,23","96,69","","-1,91%"
"01.08.1997","99,00","99,59","101,79","97,96","","-0,64%"
"01.07.1997","99,64","95,66","100,00","95,14","","4,15%"
"01.06.1997","95,67","95,06","96,22","94,42","","0,86%"
"01.05.1997","94,85","97,23","97,35","93,07","","-2,40%"
"01.04.1997","97,18","94,73","97,47","94,02","","2,60%"
"01.03.1997","94,72","94,98","96,32","94,18","","-0,18%"
"01.02.1997","94,89","93,04","95,80","92,87","","1,99%"
"01.01.1997","93,04","88,85","93,59","88,03","","5,51%"
"01.12.1996","88,18","87,95","89,14","87,69","","0,30%"
"01.11.1996","87,92","87,41","87,96","86,04","","0,56%"
"01.10.1996","87,43","87,88","88,53","86,93","","-0,58%"
"01.09.1996","87,94","86,49","88,12","86,32","","1,83%"
"01.08.1996","86,36","85,91","86,96","85,81","","0,54%"
"01.07.1996","85,90","87,94","88,32","85,63","","-2,19%"
"01.06.1996","87,82","87,78","88,56","87,35","","0,05%"
"01.05.1996","87,78","88,05","89,04","87,37","","-0,27%"
"01.04.1996","88,02","86,58","88,29","86,27","","1,73%"
"01.03.1996","86,52","86,25","87,12","86,08","","0,27%"
"01.02.1996","86,29","87,25","87,56","85,24","","-1,25%"
"01.01.1996","87,38","84,82","87,72","84,48","","3,09%"
"01.12.1995","84,76","85,17","85,63","84,34","","-0,59%"
"01.11.1995","85,26","83,67","85,38","83,34","","1,91%"
"01.10.1995","83,66","84,31","84,90","82,99","","-0,75%"
"01.09.1995","84,29","85,58","87,47","83,50","","-1,50%"
"01.08.1995","85,57","81,67","86,63","81,03","","4,90%"
"01.07.1995","81,57","81,55","82,80","81,22","","-0,01%"
"01.06.1995","81,58","82,71","83,58","81,35","","-1,20%"
"01.05.1995","82,57","81,87","84,84","80,55","","0,94%"
"01.04.1995","81,80","81,87","83,03","80,05","","-0,12%"
"01.03.1995","81,90","85,87","86,10","81,24","","-4,69%"
"01.02.1995","85,93","87,93","88,49","85,69","","-2,34%"
"01.01.1995","87,99","88,84","89,63","86,95","","-0,83%"
"01.12.1994","88,73","89,02","90,18","88,46","","-0,45%"
"01.11.1994","89,13","85,54","89,27","85,20","","4,01%"
"01.10.1994","85,69","87,72","88,37","84,91","","-2,49%"
"01.09.1994","87,88","89,71","89,72","87,14","","-2,00%"
"01.08.1994","89,67","89,39","90,31","87,41","","-0,22%"
"01.07.1994","89,87","89,55","90,56","86,65","","0,28%"
"01.06.1994","89,62","92,47","93,58","89,09","","-3,13%"
"01.05.1994","92,52","92,57","93,75","91,51","","0,43%"
"01.04.1994","92,12","93,38","95,33","91,71","","-1,01%"
"01.03.1994","93,06","94,61","95,42","92,86","","-1,58%"
"01.02.1994","94,55","95,46","97,10","94,34","","-1,09%"
"01.01.1994","95,59","96,76","97,09","95,15","","-1,29%"
"01.12.1993","96,84","96,21","96,85","94,67","","0,65%"
"01.11.1993","96,21","95,19","96,37","94,41","","1,19%"
"01.10.1993","95,08","92,80","95,34","91,21","","2,43%"
"01.09.1993","92,82","93,96","94,15","90,29","","-1,20%"
"01.08.1993","93,95","95,48","95,80","93,12","","-1,49%"
"01.07.1993","95,37","93,70","95,62","92,82","","1,86%"
"01.06.1993","93,63","89,10","94,15","88,85","","5,11%"
"01.05.1993","89,08","89,49","91,38","88,53","","-0,46%"
"01.04.1993","89,49","91,96","92,31","88,37","","-2,59%"
"01.03.1993","91,87","94,09","94,80","91,79","","-2,32%"
"01.02.1993","94,05","92,47","94,86","92,42","","1,72%"
"01.01.1993","92,46","92,17","93,75","90,09","","0,11%"
"01.12.1992","92,36","90,89","92,52","88,64","","1,67%"
"01.11.1992","90,84","87,71","91,55","87,70","","3,66%"
"01.10.1992","87,63","81,05","87,93","81,05","","8,05%"
"01.09.1992","81,10","78,84","85,96","78,19","","2,81%"
"01.08.1992","78,88","81,94","82,57","78,67","","-3,70%"
"01.07.1992","81,91","83,72","83,97","80,58","","-2,16%"
"01.06.1992","83,72","87,26","87,81","83,24","","-4,01%"
"01.05.1992","87,22","89,53","89,60","86,58","","-2,68%"
"01.04.1992","89,62","89,62","90,78","88,43","","-0,03%"
"01.03.1992","89,65","89,10","91,53","88,70","","0,74%"
"01.02.1992","88,99","87,14","89,92","85,23","","1,71%"
"01.01.1992","87,49","83,52","88,68","82,80","","4,75%"
"01.12.1991","83,52","87,54","87,87","83,21","","-5,30%"
"01.11.1991","88,19","89,72","89,76","86,26","","-1,93%"
"01.10.1991","89,93","90,01","92,03","89,39","","0,03%"
"01.09.1991","89,90","93,30","93,77","89,65","","-3,84%"
"01.08.1991","93,49","93,62","96,56","91,85","","0,00%"
"01.07.1991","93,49","96,07","97,32","92,89","","-2,68%"
"01.06.1991","96,06","93,73","96,75","93,02","","3,15%"
"01.05.1991","93,13","91,17","93,58","90,74","","1,74%"
"01.04.1991","91,54","91,32","94,46","89,29","","-0,52%"
"01.03.1991","92,02","84,71","92,46","84,23","","9,44%"
"01.02.1991","84,08","82,18","84,23","80,34","","2,54%"
"01.01.1991","82,00","83,37","85,22","81,91","","-1,29%"
"01.12.1990","83,07","83,52","85,39","81,73","","0,17%"
"01.11.1990","82,93","83,51","83,62","81,27","","-0,42%"
"01.10.1990","83,28","85,16","85,52","81,92","","-3,16%"
"01.09.1990","86,00","86,23","87,39","84,74","","-0,65%"
"01.08.1990","86,56","87,40","89,08","84,90","","-0,70%"
"01.07.1990","87,17","90,75","90,85","87,14","","-4,37%"
"01.06.1990","91,15","92,86","93,36","91,13","","-1,97%"
"01.05.1990","92,98","93,23","93,30","90,66","","-0,10%"
"01.04.1990","93,07","94,28","94,32","92,71","","-0,66%"
"01.03.1990","93,69","93,67","94,72","93,23","","0,43%"
"01.02.1990","93,29","92,32","93,45","91,26","","0,95%"
"01.01.1990","92,41","93,19","94,54","91,89","","-0,86%"
"01.12.1989","93,21","96,52","96,65","92,60","","-3,18%"
"01.11.1989","96,27","98,16","99,06","96,13","","-1,84%"
"01.10.1989","98,07","98,68","101,31","97,49","","-0,41%"
"01.09.1989","98,47","102,43","104,19","98,06","","-3,73%"
"01.08.1989","102,28","97,46","102,46","96,76","","5,02%"
"01.07.1989","97,39","101,21","101,24","97,29","","-4,54%"
"01.06.1989","102,02","103,08","106,56","100,66","","-0,93%"
"01.05.1989","102,98","98,06","104,28","97,89","","5,39%"
"01.04.1989","97,71","98,01","98,04","96,11","","-0,44%"
"01.03.1989","98,14","95,64","98,53","95,57","","3,41%"
"01.02.1989","94,90","96,68","97,17","94,39","","-1,93%"
"01.01.1989","96,77","92,60","96,84","91,77","","4,62%"
"01.12.1988","92,50","90,50","93,66","90,04","","2,18%"
"01.11.1988","90,53","93,69","93,96","90,05","","-3,44%"
"01.10.1988","93,76","97,65","97,65","92,82","","-4,02%"
"01.09.1988","97,69","98,55","98,83","96,83","","-0,74%"
"01.08.1988","98,42","97,42","99,61","96,86","","0,91%"
"01.07.1988","97,53","95,94","98,60","95,07","","2,22%"
"01.06.1988","95,41","90,86","96,09","90,49","","4,74%"
"01.05.1988","91,09","89,30","91,12","88,94","","2,16%"
"01.04.1988","89,16","88,33","90,12","87,87","","0,97%"
"01.03.1988","88,30","90,55","90,96","88,16","","-2,46%"
"01.02.1988","90,53","90,88","92,04","90,30","","0,21%"
"01.01.1988","90,34","85,67","90,81","85,33","","5,76%"
"01.12.1987","85,42","89,99","90,79","85,33","","-4,18%"
"01.11.1987","89,15","93,24","93,36","89,03","","-4,81%"
"01.10.1987","93,65","98,63","98,81","93,26","","-4,99%"
"01.09.1987","98,57","97,04","98,69","95,97","","1,28%"
"01.08.1987","97,32","99,77","101,74","96,95","","-2,48%"
"01.07.1987","99,79","98,03","100,23","97,97","","1,69%"
"01.06.1987","98,13","98,30","99,06","96,00","","0,37%"
"01.05.1987","97,77","95,83","97,91","94,75","","1,91%"
"01.04.1987","95,94","97,73","98,44","95,25","","-1,20%"
"01.03.1987","97,11","99,17","100,44","96,81","","-2,17%"
"01.02.1987","99,26","99,29","101,21","97,87","","-0,60%"
"01.01.1987","99,86","104,44","104,48","97,19","","-3,59%"
"01.12.1986","103,58","105,53","107,94","103,55","","-2,21%"
"01.11.1986","105,92","109,67","109,69","105,91","","-3,07%"
"01.10.1986","109,27","106,83","109,77","104,99","","2,37%"
"01.09.1986","106,74","106,76","108,98","104,92","","0,29%"
"01.08.1986","106,43","107,85","108,72","106,31","","-1,49%"
"01.07.1986","108,04","111,26","112,09","107,98","","-3,20%"
"01.06.1986","111,61","117,83","118,03","111,34","","-5,02%"
"01.05.1986","117,51","112,28","117,65","110,35","","5,14%"
"01.04.1986","111,77","117,78","121,16","110,76","","-5,22%"
"01.03.1986","117,92","114,94","118,71","113,66","","2,47%"
"01.02.1986","115,08","121,78","123,26","113,45","","-5,30%"
"01.01.1986","121,52","123,71","125,21","121,03","","-1,57%"
"01.12.1985","123,46","124,42","127,68","123,24","","-1,22%"
"01.11.1985","124,99","128,69","129,44","124,77","","-3,40%"
"01.10.1985","129,39","131,15","132,38","129,39","","-2,07%"
"01.09.1985","132,12","139,91","144,19","131,55","","-4,40%"
"01.08.1985","138,20","138,42","139,85","135,56","","0,68%"
"01.07.1985","137,26","146,44","146,61","137,26","","-6,06%"
"01.06.1985","146,12","146,94","149,41","145,92","","-1,18%"
"01.05.1985","147,86","151,57","154,52","147,06","","-1,23%"
"01.04.1985","149,70","150,65","153,16","144,83","","0,35%"
"01.03.1985","149,18","161,04","163,83","149,18","","-7,00%"
"01.02.1985","160,41","153,47","164,72","153,47","","5,04%"
"01.01.1985","152,72","152,23","153,89","151,80","","0,83%"
"01.12.1984","151,47","149,51","151,47","147,47","","1,51%"
"01.11.1984","149,21","144,76","149,21","142,32","","1,93%"
"01.10.1984","146,39","147,05","150,09","145,49","","-0,79%"
"01.09.1984","147,55","141,92","149,30","141,92","","5,15%"
"01.08.1984","140,33","141,71","141,71","139,01","","-0,68%"
"01.07.1984","141,29","136,70","141,29","136,70","","3,69%"
"01.06.1984","136,26","132,00","136,90","131,50","","1,92%"
"01.05.1984","133,69","132,95","135,06","132,10","","0,79%"
"01.04.1984","132,64","128,36","132,64","128,36","","3,45%"
"01.03.1984","128,22","128,68","129,97","126,18","","-0,02%"
"01.02.1984","128,25","134,65","134,65","128,25","","-5,36%"
"01.01.1984","135,51","133,19","136,15","133,19","","2,82%"
"01.12.1983","131,79","130,78","134,05","130,78","","0,88%"
"01.11.1983","130,64","129,23","131,36","128,90","","1,74%"
"01.10.1983","128,40","128,15","128,44","126,21","","0,04%"
"01.09.1983","128,35","130,74","130,77","128,35","","-1,90%"
"01.08.1983","130,84","129,68","131,94","128,09","","1,87%"
"01.07.1983","128,44","124,98","128,44","124,98","","2,80%"
"01.06.1983","124,94","124,68","126,21","124,25","","0,93%"
"01.05.1983","123,79","122,04","123,79","120,90","","1,14%"
"01.04.1983","122,39","122,27","122,43","121,14","","0,15%"
"01.03.1983","122,21","120,79","122,65","118,97","","1,55%"
"01.02.1983","120,35","120,99","122,28","118,02","","-0,64%"
"01.01.1983","121,12","116,97","121,12","115,43","","3,20%"
"01.12.1982","117,36","121,03","121,45","117,05","","-3,01%"
"01.11.1982","121,00","124,36","126,02","121,00","","-3,03%"
"01.10.1982","124,78","122,14","124,78","121,23","","2,11%"
"01.09.1982","122,20","120,03","122,76","118,78","","1,59%"
"01.08.1982","120,29","117,80","121,41","116,95","","1,04%"
"01.07.1982","119,05","119,33","121,06","116,12","","0,01%"
"01.06.1982","119,04","113,71","120,47","113,25","","5,54%"
"01.05.1982","112,79","111,51","112,79","109,70","","1,07%"
"01.04.1982","111,60","114,16","115,36","111,60","","-2,73%"
"01.03.1982","114,73","111,96","114,73","110,28","","2,50%"
"01.02.1982","111,93","109,32","111,93","109,14","","3,61%"
"01.01.1982","108,03","104,62","108,78","104,62","","3,19%"
"01.12.1981","104,69","103,65","106,46","103,37","","1,46%"
"01.11.1981","103,18","104,99","105,35","103,18","","-2,78%"
"01.10.1981","106,13","107,57","108,65","103,86","","-1,49%"
"01.09.1981","107,73","110,76","110,76","103,84","","-2,31%"
"01.08.1981","110,28","114,03","114,88","110,01","","-1,29%"
"01.07.1981","111,72","108,52","111,72","108,52","","3,72%"
"01.06.1981","107,71","104,99","108,47","104,99","","2,63%"
"01.05.1981","104,95","100,28","105,36","100,28","","4,48%"
"01.04.1981","100,45","96,28","100,45","96,28","","3,81%"
"01.03.1981","96,76","97,95","97,95","94,24","","-0,31%"
"01.02.1981","97,06","94,82","98,18","94,59","","1,91%"
"01.01.1981","95,24","90,51","95,24","88,95","","5,37%"
"01.12.1980","90,39","90,55","92,66","89,86","","0,42%"
"01.11.1980","90,01","88,64","90,12","88,43","","1,84%"
"01.10.1980","88,38","85,75","88,38","85,43","","2,74%"
"01.09.1980","86,02","85,19","86,29","85,08","","0,20%"
"01.08.1980","85,85","86,49","86,86","85,45","","-0,27%"
"01.07.1980","86,08","85,10","86,08","84,12","","1,03%"
"01.06.1980","85,20","86,09","86,09","84,75","","-0,85%"
"01.05.1980","85,93","88,22","88,90","85,15","","-2,47%"
"01.04.1980","88,11","94,22","94,88","88,01","","-5,85%"
"01.03.1980","93,58","87,85","93,58","87,85","","6,77%"
"01.02.1980","87,65","86,13","87,65","85,62","","1,75%"
"01.01.1980","86,14","85,32","86,14","84,79","","0,37%"
"01.12.1979","85,82","85,98","87,05","85,51","","-1,12%"
"01.11.1979","86,79","88,79","89,02","86,79","","-2,43%"
"01.10.1979","88,95","85,43","89,12","85,43","","4,10%"
"01.09.1979","85,45","87,26","87,47","85,45","","-2,00%"
"01.08.1979","87,19","86,97","87,46","86,91","","-0,14%"
"01.07.1979","87,31","87,89","87,89","86,02","","-0,61%"
"01.06.1979","87,85","90,82","90,82","87,71","","-2,96%"
"01.05.1979","90,53","90,11","91,02","89,55","","0,61%"
"01.04.1979","89,98","88,98","89,98","88,98","","1,64%"
"01.03.1979","88,53","88,28","88,59","88,09","","0,40%"
"01.02.1979","88,18","89,24","89,25","87,35","","-0,77%"
"01.01.1979","88,86","86,52","88,86","86,52","","2,73%"
"01.12.1978","86,50","90,63","90,63","86,50","","-4,12%"
"01.11.1978","90,22","86,68","90,22","86,68","","8,61%"
"01.10.1978","83,07","88,88","88,88","82,07","","-6,48%"
"01.09.1978","88,83","89,73","90,54","88,67","","-1,30%"
"01.08.1978","90,00","90,90","91,13","88,00","","-1,03%"
"01.07.1978","90,94","93,17","93,23","90,94","","-2,77%"
"01.06.1978","93,53","95,45","95,58","93,53","","-2,02%"
"01.05.1978","95,46","95,58","97,11","95,39","","-0,17%"
"01.04.1978","95,62","93,40","96,19","93,40","","1,90%"
"01.03.1978","93,84","94,56","96,10","93,84","","-0,80%"
"01.02.1978","94,60","96,81","97,10","94,57","","-2,11%"
"01.01.1978","96,64","95,21","97,87","94,99","","0,21%"
"01.12.1977","96,44","100,15","100,15","96,44","","-3,92%"
"01.11.1977","100,37","100,42","101,46","100,00","","-0,58%"
"01.10.1977","100,96","102,69","102,91","100,96","","-2,18%"
"01.09.1977","103,21","103,69","103,99","103,21","","-0,41%"
"01.08.1977","103,64","102,97","103,83","102,66","","0,76%"
"01.07.1977","102,86","103,80","103,80","101,78","","-0,94%"
"01.06.1977","103,84","104,51","104,55","103,82","","-0,65%"
"01.05.1977","104,52","104,41","104,76","104,22","","0,12%"
"01.04.1977","104,39","104,93","105,04","104,39","","-0,61%"
"01.03.1977","105,03","105,28","105,50","104,88","","-0,22%"
"01.02.1977","105,26","105,70","105,79","105,08","","-0,27%"
"01.01.1977","105,54","104,17","106,01","104,09","","0,94%"
"01.12.1976","104,56","106,23","106,23","104,52","","-1,53%"
"01.11.1976","106,19","106,10","106,19","105,56","","0,24%"
"01.10.1976","105,94","105,82","106,31","105,25","","0,42%"
"01.09.1976","105,50","105,94","106,01","105,37","","-0,59%"
"01.08.1976","106,13","106,39","106,88","106,00","","-0,40%"
"01.07.1976","106,56","106,59","107,21","106,53","","-0,08%"
"01.06.1976","106,64","107,39","107,60","106,64","","-0,61%"
"01.05.1976","107,29","106,29","107,29","105,61","","1,00%"
"01.04.1976","106,23","105,37","106,57","105,37","","0,84%"
"01.03.1976","105,34","104,01","106,02","104,01","","1,62%"
"01.02.1976","103,66","103,52","103,81","102,95","","-0,21%"
"01.01.1976","103,88","103,49","103,88","102,91","","0,36%"
"01.12.1975","103,51","103,37","103,92","103,17","","-0,02%"
"01.11.1975","103,53","101,59","103,53","101,59","","1,89%"
"01.10.1975","101,61","103,46","103,95","101,61","","-2,52%"
"01.09.1975","104,24","101,89","104,81","101,69","","2,41%"
"01.08.1975","101,79","101,30","101,98","100,92","","0,53%"
"01.07.1975","101,25","96,07","101,25","96,07","","5,62%"
"01.06.1975","95,86","94,53","95,86","94,36","","1,30%"
"01.05.1975","94,63","95,36","95,44","94,24","","-0,80%"
"01.04.1975","95,39","94,45","95,90","94,45","","0,60%"
"01.03.1975","94,82","92,82","94,87","92,82","","1,96%"
"01.02.1975","93,00","95,88","96,41","92,93","","-2,73%"
"01.01.1975","95,61","97,71","97,71","94,43","","-1,73%"
"01.12.1974","97,29","99,99","99,99","97,29","","-2,29%"
"01.11.1974","99,57","101,08","101,39","99,14","","-1,67%"
"01.10.1974","101,26","102,20","102,35","101,16","","-1,19%"
"01.09.1974","102,48","103,16","103,44","102,46","","-0,68%"
"01.08.1974","103,18","100,62","103,18","100,62","","2,63%"
"01.07.1974","100,54","100,43","100,68","98,96","","0,38%"
"01.06.1974","100,16","99,56","101,16","99,08","","0,39%"
"01.05.1974","99,77","98,48","100,10","96,86","","1,30%"
"01.04.1974","98,49","99,92","100,90","98,22","","-1,03%"
"01.03.1974","99,51","103,69","103,74","99,06","","-3,42%"
"01.02.1974","103,03","106,21","106,21","102,19","","-2,71%"
"01.01.1974","105,90","103,66","109,50","103,66","","3,43%"
"01.12.1973","102,39","100,59","102,40","100,59","","2,03%"
"01.11.1973","100,35","95,30","100,90","95,30","","5,56%"
"01.10.1973","95,06","94,74","95,19","93,78","","0,28%"
"01.09.1973","94,79","95,78","95,78","94,30","","-1,02%"
"01.08.1973","95,77","92,87","96,42","92,87","","3,08%"
"01.07.1973","92,91","93,42","94,22","90,54","","-1,03%"
"01.06.1973","93,88","97,56","97,63","93,88","","-4,20%"
"01.05.1973","98,00","101,40","101,49","98,00","","-3,38%"
"01.04.1973","101,43","101,46","101,69","100,97","","0,26%"
"01.03.1973","101,17","99,69","101,17","98,72","","1,04%"
"01.02.1973","100,13","108,79","109,05","100,13","","-8,15%"
"01.01.1973","109,01","110,20","110,31","109,00","","-1,03%"
"01.12.1972","110,14","109,87","110,20","109,87","","0,26%"
"01.11.1972","109,85","109,75","109,93","109,73","","-0,05%"
"01.10.1972","109,90","109,51","109,98","109,22","","0,47%"
"01.09.1972","109,39","108,98","109,39","108,91","","0,39%"
"01.08.1972","108,96","108,77","109,03","108,76","","0,18%"
"01.07.1972","108,76","108,61","108,79","108,46","","0,23%"
"01.06.1972","108,51","108,12","108,77","107,97","","0,31%"
"01.05.1972","108,17","108,58","108,58","108,17","","-0,41%"
"01.04.1972","108,62","108,40","108,85","108,27","","0,20%"
"01.03.1972","108,40","108,65","109,19","107,76","","-0,26%"
"01.02.1972","108,68","109,43","109,43","108,56","","-0,84%"
"01.01.1972","109,60","111,19","111,27","109,60","","-1,45%"
"01.12.1971","111,21","113,86","113,86","111,16","","-2,46%"
"01.11.1971","114,01","114,63","114,68","113,93","","-0,56%"
"01.10.1971","114,65","114,81","114,88","114,53","","-0,24%"
"01.09.1971","114,93","116,58","116,58","114,93","","-1,32%"
"01.08.1971","116,47","118,79","118,81","116,47","","-1,93%"
"01.07.1971","118,76","119,17","119,21","118,76","","-0,34%"
"01.06.1971","119,16","119,69","119,69","119,16","","-0,23%"
"01.05.1971","119,43","120,17","120,17","118,91","","-0,63%"
"01.04.1971","120,19","120,18","120,31","120,16","","0,02%"
"01.03.1971","120,17","120,25","120,25","120,13","","-0,07%"
"01.02.1971","120,26","120,26","120,29","120,12","","0,02%"